CHROM	ID	SLOPE	INTERCEPT	RVALUE	PVALUE	STDERR
10	rs12768206	0.28763735778032	-0.5947284499032705	0.041988395005776	0.00305854705117978	0.209856068613043
10	rs7917054	-0.21081746300043022	0.5774565290881354	0.011146006979812939	0.13002813684964307	0.38617879959221596
10	rs7906287	0.2911834219400308	-0.6625477861534037	0.043952164231245816	0.0024309631993852596	0.22636596194263656
10	rs4881551	-0.1793860957738685	0.5078273049443821	0.004831899818219854	0.3196147225783684	0.5137588184407393
10	rs7089889	-0.26901403069282637	0.5744164326870984	0.03503496404658113	0.0069214453902524935	0.22144609610395685
10	rs9419499					
10	rs2448366					
10	rs2496277					
10	rs2496278					
10	rs3123252					
10	rs1017361					
10	rs2060138					
10	rs3123247					
10	rs4880568					
